Label,# Samples,Average,Min,Max,Std. Dev.,Error %,Throughput,Received KB/sec,Sent KB/sec,Avg. Bytes
1. HTTP put,20,367,120,691,205.79,0.000%,2.67130,1.92,0.63,736.0
2. Redirect Request,20,357,239,738,159.56,0.000%,2.67738,2.17,0.95,830.0
3. Ip Dectection Request,20,218,118,918,201.32,0.000%,2.68781,0.69,0.43,261.0
4. Check Host Header,20,263,119,1846,420.22,0.000%,2.69578,1.25,0.44,474.0
Base64-Echo,20,197,119,1364,272.24,0.000%,3.09406,0.77,0.58,255.0
TOTAL,100,280,118,1846,276.94,0.000%,11.87366,5.93,2.62,511.2
